D:\proyecto_django_agrophia\static\js\components\admin_verify_code.js	1
D:\proyecto_django_agrophia\static\js\components\auth_back_guard.js	2
D:\proyecto_django_agrophia\static\js\components\buttonBack.js	0
D:\proyecto_django_agrophia\static\js\components\card_home_information.js	0
D:\proyecto_django_agrophia\static\js\components\card_information_admin.js	0
D:\proyecto_django_agrophia\static\js\components\card-available.js	0
D:\proyecto_django_agrophia\static\js\components\card-dairy.js	0
D:\proyecto_django_agrophia\static\js\components\card-disable.js	0
D:\proyecto_django_agrophia\static\js\components\card-home.js	0
D:\proyecto_django_agrophia\static\js\components\card-home-farmer.js	0
D:\proyecto_django_agrophia\static\js\components\card-public.js	0
D:\proyecto_django_agrophia\static\js\components\card-vegetables.js	0
D:\proyecto_django_agrophia\static\js\components\close_open_sidebar.js	0
D:\proyecto_django_agrophia\static\js\components\comment_bar.js	0
D:\proyecto_django_agrophia\static\js\components\comprobante.js	1
D:\proyecto_django_agrophia\static\js\components\create_product.js	1
D:\proyecto_django_agrophia\static\js\components\create_product2.js	1
D:\proyecto_django_agrophia\static\js\components\create-farmer-perfil.js	0
D:\proyecto_django_agrophia\static\js\components\create-farmer-perfil2.js	0
D:\proyecto_django_agrophia\static\js\components\create-shop.js	1
D:\proyecto_django_agrophia\static\js\components\create-shop2.js	1
D:\proyecto_django_agrophia\static\js\components\description-product.js	1
D:\proyecto_django_agrophia\static\js\components\disabled_products.js	1
D:\proyecto_django_agrophia\static\js\components\flash_product_created.js	1
D:\proyecto_django_agrophia\static\js\components\forgot-password.js	3
D:\proyecto_django_agrophia\static\js\components\form_contact.js	1
D:\proyecto_django_agrophia\static\js\components\form_reset_password.js	0
D:\proyecto_django_agrophia\static\js\components\form_subir_producto.js	0
D:\proyecto_django_agrophia\static\js\components\form_subir_producto2.js	0
D:\proyecto_django_agrophia\static\js\components\form_unidad_medida.js	0
D:\proyecto_django_agrophia\static\js\components\from.js	0
D:\proyecto_django_agrophia\static\js\components\from-method__payment.js	0
D:\proyecto_django_agrophia\static\js\components\generate-order_report.js	0
D:\proyecto_django_agrophia\static\js\components\generate-product_report.js	0
D:\proyecto_django_agrophia\static\js\components\generate-shop-report.js	0
D:\proyecto_django_agrophia\static\js\components\generate-user-report.js	1
D:\proyecto_django_agrophia\static\js\components\gov-co__one.js	15
D:\proyecto_django_agrophia\static\js\components\gov-co__two.js	15
D:\proyecto_django_agrophia\static\js\components\header_admin.js	0
D:\proyecto_django_agrophia\static\js\components\header_amount_product.js	0
D:\proyecto_django_agrophia\static\js\components\hero.js	1
D:\proyecto_django_agrophia\static\js\components\hero-forgot-password.js	1
D:\proyecto_django_agrophia\static\js\components\informacion_perfil.js	0
D:\proyecto_django_agrophia\static\js\components\interface_farmer.js	0
D:\proyecto_django_agrophia\static\js\components\interface_option_farmer.js	0
D:\proyecto_django_agrophia\static\js\components\list-home.js	1
D:\proyecto_django_agrophia\static\js\components\location-utils.js	4
D:\proyecto_django_agrophia\static\js\components\login.js	1
D:\proyecto_django_agrophia\static\js\components\login_customer_user.js	1
D:\proyecto_django_agrophia\static\js\components\login_modals.js	1
D:\proyecto_django_agrophia\static\js\components\mensajes-farmer.js	1
D:\proyecto_django_agrophia\static\js\components\mensajes-sends.js	1
D:\proyecto_django_agrophia\static\js\components\my_orders.js	0
D:\proyecto_django_agrophia\static\js\components\navbar.js	0
D:\proyecto_django_agrophia\static\js\components\navbar_contact.js	1
D:\proyecto_django_agrophia\static\js\components\navbar-available.js	0
D:\proyecto_django_agrophia\static\js\components\navbar-disable.js	0
D:\proyecto_django_agrophia\static\js\components\navbar-home.js	2
D:\proyecto_django_agrophia\static\js\components\navbar-method-payment.js	0
D:\proyecto_django_agrophia\static\js\components\navbar-public.js	0
D:\proyecto_django_agrophia\static\js\components\order_farmer_detail.js	1
D:\proyecto_django_agrophia\static\js\components\orders_admin.js	0
D:\proyecto_django_agrophia\static\js\components\pedido_detalle_card.js	1
D:\proyecto_django_agrophia\static\js\components\pedido_editar_card.js	1
D:\proyecto_django_agrophia\static\js\components\products_table.js	0
D:\proyecto_django_agrophia\static\js\components\profile.js	2
D:\proyecto_django_agrophia\static\js\components\profile_shop.js	1
D:\proyecto_django_agrophia\static\js\components\register.js	2
D:\proyecto_django_agrophia\static\js\components\register2.js	1
D:\proyecto_django_agrophia\static\js\components\reset-password.js	1
D:\proyecto_django_agrophia\static\js\components\review_product_farmer.js	2
D:\proyecto_django_agrophia\static\js\components\search.js	2
D:\proyecto_django_agrophia\static\js\components\search_home_admin.js	0
D:\proyecto_django_agrophia\static\js\components\search_interface_farmer.js	0
D:\proyecto_django_agrophia\static\js\components\search_orders.js	0
D:\proyecto_django_agrophia\static\js\components\search_products.js	0
D:\proyecto_django_agrophia\static\js\components\search_users.js	0
D:\proyecto_django_agrophia\static\js\components\seller_profile.js	1
D:\proyecto_django_agrophia\static\js\components\sent_messages_delete_modal.js	1
D:\proyecto_django_agrophia\static\js\components\shop_crear_card.js	1
D:\proyecto_django_agrophia\static\js\components\shop_editar_card.js	1
D:\proyecto_django_agrophia\static\js\components\shop-detail-admin.js	0
D:\proyecto_django_agrophia\static\js\components\shopping_car.js	1
D:\proyecto_django_agrophia\static\js\components\shopping_cart.js	1
D:\proyecto_django_agrophia\static\js\components\sidebar_admin.js	1
D:\proyecto_django_agrophia\static\js\components\store_admin.js	0
D:\proyecto_django_agrophia\static\js\components\table_home_admin.js	0
D:\proyecto_django_agrophia\static\js\components\tableOrder.js	0
D:\proyecto_django_agrophia\static\js\components\toolbar.js	1
D:\proyecto_django_agrophia\static\js\components\toolbar_home.js	1
D:\proyecto_django_agrophia\static\js\components\toolbar_pedidos.js	1
D:\proyecto_django_agrophia\static\js\components\toolbar_products.js	1
D:\proyecto_django_agrophia\static\js\components\toolbar_shop.js	1
D:\proyecto_django_agrophia\static\js\components\toolbar_users.js	1
D:\proyecto_django_agrophia\static\js\components\unit-measure.js	0
D:\proyecto_django_agrophia\static\js\components\update_perfil.js	1
D:\proyecto_django_agrophia\static\js\components\update_product.js	1
D:\proyecto_django_agrophia\static\js\components\update_product2.js	0
D:\proyecto_django_agrophia\static\js\components\update_shop.js	0
D:\proyecto_django_agrophia\static\js\components\update_shop2.js	0
D:\proyecto_django_agrophia\static\js\components\update-perfil2.js	1
D:\proyecto_django_agrophia\static\js\components\usuario_editar_card.js	1
D:\proyecto_django_agrophia\static\js\components\usuarios_admin.js	0
D:\proyecto_django_agrophia\static\js\crear_usuario_admin.js	0
D:\proyecto_django_agrophia\static\js\mensaje_admin_modal.js	2
D:\proyecto_django_agrophia\static\js\productos_admin_actions.js	1
D:\proyecto_django_agrophia\static\js\productos_crear_admin.js	1
D:\proyecto_django_agrophia\static\js\productos_editar_admin.js	2
D:\proyecto_django_agrophia\static\js\tiendas_admin_actions.js	2
D:\proyecto_django_agrophia\static\js\usuarios_admin_actions.js	1
